Region,Province,Debt Ratio(%),Wide Range Debt Ratio(%),Debt Asset Ratio(%),Wide Range Debt Asset Ratio(%),"Balance of Municipal Bonds(CNY,B)","Limitation of Municipal Bonds(CNY,B)",Fiscal Self-sufficiency(%),Statistical_Division_Code,Province.Code
Aba,Sichuan,29.14,29.145315776956178,317.58,317.62488218661645,13.48,15.907,11.45,513200,510000
Aksu,Xinjiang,31.4,46.77589476393184,282.37,420.5744558724866,54.629,57.971,30.77,652900,650000
Altay,Xinjiang,82.16,87.68759723949864,605.9,646.7910960066433,32.838,34.384,14.96,654300,650000
Alxa,Inner Mongolia,NA,NA,NA,NA,NA,NA,35.09,152900,150000
Ankang,Shaanxi,37.84,46.331916245710005,615.65,753.8666864835193,48.006,51.167,8.49,610900,610000
Anqing,Anhui,28.12,92.84611813832902,445,820.3956516701787,77.83500000000001,83.26599999999999,34.1468,340800,340000
Anshan,Liaoning,47.1307,51.54029928886862,NA,506.0596839956788,87.814,90.279,48.9,210300,210000
Anshun,Guizhou,58.3,116.67713879246008,485.33,971.254417655376,63.0198,64.29839,21.1071,520400,520000
Anyang,Henan,24.75,31.415841577417304,279.03,354.1860498457499,62.17100000000001,64.959,51.84,410500,410000
Aral,Xinjiang,NA,NA,NA,NA,NA,NA,NA,659002,650000
Baicheng,Jilin,25.16,25.159169189019934,545.16,545.1564266867696,14.463,15.031,10.88,220800,220000
Baise,Guangxi,32.19,46.19546073278006,91.84,131.7964741990067,55.661,57.2,20.74,451000,450000
Baisha Li,Hainan,33.8,33.80200487269616,1087.04,1085.0746268656717,2.181,2.181,5.78,469025,460000
Baishan,Jilin,32.34,32.33904311872416,717.74,717.7386317083162,17.52,18.889,14.6,220600,220000
Baiyin,Gansu,NA,NA,NA,NA,NA,NA,15.22,620400,620000
Banan,Chongqing,19.96,79.16977304190843,505.02,2003.236354322852,20.4,20.4,49.48,500113,500000
Baodi,Tianjin,82.37,147.84364511053317,NA,NA,36.582,36.878,NA,120115,120000
Baoding,Hebei,35.46,45.60415767428034,243.69,313.38270675529066,137.603,145.13299999999998,37.87,130600,130000
Baoji,Shaanxi,13.45,21.864069314877327,398.34,647.3322022411224,36.906,43.175,23.02,610300,610000
Baoshan,Shanghai,NA,NA,67.75,70.95860587400976,19.586,22.3,56.02,310113,310000
Baoshan,Yunnan,35.62,40.17751464063242,823.32,928.6287364137678,44.97,NA,23.51,530500,530000
Baoting,Hainan,22.97,22.97220030832253,39.83,39.83433734939759,1.587,1.595,12.26,469029,460000
Baotou,Inner Mongolia,28.58,32.61968049642924,472.41,539.0944904960775,107.19,110.53,43.94,150200,150000
Bayannur,Inner Mongolia,49.96,49.96496404204315,612.1,612.0623447029591,54.19199999999999,54.705,25.18,150800,150000
Bayingolin,Xinjiang,35.84,44.06236766292618,398.41,489.8741069822416,53.395,56.803,31.7,652800,650000
Bazhong,Sichuan,95.21,136.67403579579354,416.29,597.5710357440705,72.837,75.22999999999999,15.91,511900,510000
Beibei,Chongqing,20.08,81.49706057318636,587.79,2385.4687935270217,14.9,14.9,39.12,500109,500000
Beichen,Tianjin,46.18,79.26488722058927,538.44,924.0315305536008,32.745,32.760000000000005,61.54,120113,120000
Beihai,Guangxi,18.18,18.698977997079226,449.84,462.76446345144126,30.43,32.932,35.55,450500,450000
Beitun,Xinjiang,NA,NA,NA,NA,NA,NA,NA,659005,650000
Bengbu,Anhui,30.9231,93.65622953777766,248,751.1191424022813,62.22648,66.27243,48.404,340300,340000
Benxi,Liaoning,37.13,37.12505371723249,408.4,408.41508095969743,34.556,35.928,45.66,210500,210000
Bijie,Guizhou,52.2089,78.14019419377118,962.88,640.9587408640892,115.2,117.2,18.8876,520500,520000
Binhai,Tianjin,NA,821.0846233958474,348.2,1175.5667492102873,211.419,218.102,74.44,120116,120000
Binzhou,Shandong,40.3,54.64454014102482,145.67,197.50674684813035,119.904,124.34,57.23,371600,370000
Bishan,Chongqing,20.96,41.33604143330257,121.92,240.43723462388687,19.305,19.32,64.16,500120,500000
Bortala,Xinjiang,56.86,92.89712181119462,447.86,731.7224479408013,27.387,28.967,27.27,652700,650000
Bozhou,Anhui,39.91,110.75743858636687,566.14,1571.191344888933,83.86851,90.33998,38.4863,341600,340000
Cangzhou,Hebei,18.37,44.3618691724215,172.03,415.4528764163732,80.61,87.063,44.7,130900,130000
Chamdo,Tibet,23.86,23.854785478547853,281.58,281.5738215816128,7.228,7.503,7.71,540300,540000
Changchun,Jilin,34.4,88.43702640335675,195.68,503.122938306662,231.985,246.801,47.07,220100,220000
Changde,Hunan,21.59,66.13950334204702,86.26,264.1982908152475,92.305,92.481,32.97,430700,430000
Changji,Xinjiang,25.25,44.43704845628066,205.48,361.6033358346274,54.784000000000006,60.307,61.58,652300,650000
Changjiang Li,Hainan,23.19,23.191951122168764,187.72,187.6807712908409,3.504,3.504,38.3,469026,460000
Changning,Shanghai,NA,NA,48.87,116.53688203392409,9.321,13.02,89.62,310105,310000
Changping,Beijing,63.88,89.43629138897693,310.35,434.5137110608789,83.041,83.08500000000001,50.35,110114,110000
Changsha,Hunan,20.55,117.69249518533933,125.92,721.281307811731,286.952,287.118,77.61,430100,430000
Changshou,Chongqing,18.16,127.20192993612018,160.92,1127.1119208963055,16.681,16.688,55.32,500115,500000
Changzhi,Shanxi,NA,NA,NA,NA,NA,NA,63.66,140400,140000
Changzhou,Jiangsu,16.83,101.63229056323809,77.94,470.5704150625328,160.764,164.919,83.17,320400,320000
Chaoyang,Beijing,11.52,17.481530562958845,108.12,164.08015920377753,91.134,115.358,89.45,110105,110000
Chaoyang,Liaoning,26.06,26.245870617799,224.14,225.70995042964563,25.932,28.115,25.73,211300,210000
Chaozhou,Guangdong,26.0358,27.9560017614282,694.57,517.9939260514923,34.18444,34.18493,22.902,445100,440000
Chengde,Hebei,38.6,46.33914006197057,430.42,516.7759013864562,68.71000000000001,79.401,28.56,130800,130000
Chengdu,Sichuan,22.29,239.63433826554672,88.35,949.7748333316868,464.05,501.23,70.74,510100,510000
Chengkou,Chongqing,147.8,158.28273156175538,1060.02,1134.6732897145946,9.8,9.8,16.88,500229,500000
Chengmai,Hainan,NA,NA,NA,NA,NA,NA,50.65,469023,460000
Chenzhou,Hunan,34.47,71.91876120320416,135.69,283.1436071146556,102.724,103.537,35.28,431000,430000
Chifeng,Inner Mongolia,28.13,45.86004919682089,530.68,865.247472507684,60.429,NA,19.95,150400,150000
Chizhou,Anhui,29.2,44.496796650653685,284.9,432.4491938760283,31.49,34.172000000000004,41.7328,341700,340000
Chongming,Shanghai,104.82,104.81921618204804,193.41,193.4123355416628,41.456,42.65,38.48,310151,310000
Chongzuo,Guangxi,36.16,55.36442437258094,118.82,181.9448615150483,39.084,39.871,16.09,451400,450000
Chuxiong,Yunnan,26.48,32.07644282932029,532.15,644.5332818377392,46.7,NA,30.93,532300,530000
Chuzhou,Anhui,29.3102,68.1940602476676,225.78,525.6898515782193,105.81,111.67,54.7215,341100,340000
Da Hinggan Ling,Heilongjiang,25.46,25.464285714285715,302.76,302.76008492569,4.2780000000000005,4.394,11.93,232700,230000
Dadukou,Chongqing,30.39,84.70656575729588,559.54,1559.2725730304182,10.3,10.3,47.81,500104,500000
Dali,Yunnan,37.66,43.36151279411869,662.7,763.1572369798074,64,NA,23.31,532900,530000
Dalian,Liaoning,30.19,40.78008055912418,243.18,328.52958489653327,254.49,273.314,68.13,210200,210000
Dandong,Liaoning,38.67,39.12160132480072,374.66,379.0450375285544,34.441,35.491,29.35,210600,210000
Danzhou,Hainan,29.92,33.76965596759622,120.37,135.8448267771313,26.3,NA,36.8768,460400,460000
Daqing,Heilongjiang,11.36,21.545951263083047,74.46,141.22961342468307,33.948,34.695,49.76,230600,230000
Datong,Shanxi,NA,NA,NA,NA,NA,NA,NA,140200,140000
Daxing,Beijing,NA,NA,517.1,964.7618383844854,116.258,127.16400000000002,NA,110115,110000
Dazhou,Sichuan,34.79,66.58272379625205,580.18,1110.3923691935763,87.07000000000001,89.78999999999999,31.11,511700,510000
Dazu,Chongqing,19.94,174.6831808561062,97.05,850.4175824830812,16.291,16.3,42.74,500111,500000
Dehong,Yunnan,51.17,58.66515600151588,130.62,149.76079999830426,30.042,32.202,15.92,533100,530000
Deqen,Yunnan,39.75,39.754746835443044,569.76,569.6740670760511,12.06,13.438999999999998,10.22,533400,530000
Deyang,Sichuan,22.37,54.99801899218991,103.59,254.7267626211052,63.001,67.064,44.67,510600,510000
Dezhou,Shandong,31.06,48.736530768481465,235.52,369.5623015840917,112.839,115.776,42.53,371400,370000
Dianjiang,Chongqing,23.43,43.732575737377736,111.2,207.5204973350921,12.434,12.44,32.3,500231,500000
Ding'an,Hainan,NA,30.741157339054546,NA,389.9603535144958,3.777,3.777,19.0601,469021,460000
Dingxi,Gansu,51.3,57.059846165307484,601.11,668.5300287906342,28.622000000000003,29.657,9.85,621100,620000
Dongcheng,Beijing,NA,NA,73.08,73.07732172470978,14.101,14.665,77.34,110101,110000
Dongfang,Hainan,NA,48.28672084377972,NA,156.87660975246675,11.17065,11.17066,19.4,469007,460000
Dongguan,Guangdong,11.9685,20.192410361851277,111.64,188.35800584996255,134.05088,137.66637,88.71,441900,440000
Dongli,Tianjin,92.97,259.6935976444311,999.71,2792.254479896309,63.915,64.76599999999999,77.92,120110,120000
Dongying,Shandong,20.5748,29.13138206550871,197.69,280.2721175938198,74.49614,75.155,71.2099,370500,370000
Enshi,Hubei,36.8518,45.14059231681643,374.3,458.4866016438434,51.67366,54.63975000000001,18.11,422800,420000
Ezhou,Hubei,27.8,55.54339665042109,273.17,545.7027599587444,35.159,35.929,62.62,420700,420000
Fangchenggang,Guangxi,26.16,40.619494914955375,574.83,892.4857157800725,25.327,26.401,29.3,450600,450000
Fangshan,Beijing,61.85,61.85155070275293,336.33,336.3314805457302,53.248000000000005,57.928,38.47,110111,110000
Fengdu,Chongqing,32.19,89.94376966809827,141.39,395.1404355466083,12.59,12.6,38.62,500230,500000
Fengjie,Chongqing,27.19,74.87634404414928,111.33,306.5873301921683,10.746,10.76,25.29,500236,500000
Fengtai,Beijing,63.16,65.16580097257736,323.38,333.6615884703984,130.219,133.933,58.32,110106,110000
Fengxian,Shanghai,36.66,61.82885457137037,129.48,218.37363281623632,49.492,50.07,66.06,310120,310000
Foshan,Guangdong,17.94,24.08396554651574,167.46,224.84016119410376,227.781,249.247,78.038,440600,440000
Fuling,Chongqing,15.52,72.94733473926627,175.43,824.3673524767878,23.352,23.354,49.75,500102,500000
Fushun,Liaoning,44.8,44.80004311738709,567.77,567.7732240437159,41.561,43.782,34.9,210400,210000
Fuxin,Liaoning,32.35,32.34723905141077,379.96,380.59063136456217,18.687,19.387,27.85,210900,210000
Fuyang,Anhui,42.829,95.64712803311475,749.33,1675.275509585428,138.47899999999998,148.56400000000002,29.6594,341200,340000
Fuzhou,Fujian,14.9454,62.27045824472812,92.0759,383.6372845980897,183.95131779,200.0745,69.8586,350100,350000
Fuzhou,Jiangxi,38.2562,85.50276595037573,238.84,533.8078920817932,74.432,79.663,25.88,361000,360000
Gannan,Gansu,NA,NA,NA,NA,NA,NA,4.46,623000,620000
Ganzhou,Jiangxi,35.164,137.036812866742,260.95,1017.102838138052,159.06900000000002,173.357,30.9596,360700,360000
Garze,Sichuan,26.47,26.473704284442935,29.61,29.606635071090047,12.494,13.287,11.56,513300,510000
Golog,Qinghai,NA,57.34800447594181,NA,1045.9183673469388,3.075,3.2990000000000004,NA,632600,630000
Guang'an,Sichuan,39.39,56.437111537213525,269.87,386.6353188921687,56.135000000000005,58.022000000000006,29.41,511600,510000
Guangyuan,Sichuan,42.4,77.37755201475724,349.61,638.0653033958907,48.325,50.634,20.18,510800,510000
Guangzhou,Guangdong,16.1435,44.35994431226013,92.4327,253.9913077315424,465.56247,505.1349,59.0911,440100,440000
Guigang,Guangxi,20.4,31.98313710859997,458.11,718.1929702675333,32.073,32.754000000000005,22.82,450800,450000
Guilin,Guangxi,27.3,227.61191385868008,99.51,829.7499389087644,66.489,67.399,26.89,450300,450000
Guiyang,Guizhou,52.9188,218.52169979479677,212.7,878.3167091409726,260.42221,264.87330000000003,55.361,520100,520000
Guyuan,Ningxia,49.37,49.36779925795743,70.16,70.16235343093041,20.225,NA,5.59,640400,640000
Haibei,Qinghai,NA,37.81879527637194,NA,578.3004552352048,3.811,4.079,6.01,632200,630000
Haidian,Beijing,6.83,30.747914431311173,115.08,517.8294385284704,69.747,73.539,81.96,110108,110000
Haidong,Qinghai,47.5826,47.582579647826016,NA,1320.4635108481264,26.779000000000003,30.463,NA,630200,630000
Haikou,Hainan,35.2593,64.3872232236775,188.86,344.8972788026246,75.2704715,75.27049,61.631100000000004,460100,460000
Hainan,Qinghai,NA,23.26359414790033,NA,219.8616367634706,4.659000000000001,5.299,11.8484,632500,630000
Haixi,Qinghai,26.7141,26.714141593970687,NA,155.00309896012672,22.508000000000003,24.933,74.22,632800,630000
Hami,Xinjiang,32.44,49.52216166471421,258.42,394.5563699002476,28.188,31.862,55.41,650500,650000
Handan,Hebei,27.36,43.077042753855,334.8,527.099523989527,118.92,139.204,42.06,130400,130000
Hangzhou,Zhejiang,19.64,111.6409948921463,52.19,296.7221971822238,368.244,368.284,99.29,330100,330000
Hanzhong,Shaanxi,22.6393,25.52178391839198,876.04,518.3718315441529,43.138,47.701,12.2303,610700,610000
Harbin,Heilongjiang,52.81,59.16390671790314,914.07,1024.0093451196722,289.948,295.242,24.61,230100,230000
Hebei,Tianjin,35.41,35.413942785419174,627.86,627.8627723690311,13.543,13.603,NA,120105,120000
Hebi,Henan,33.45,45.091070950516695,267.87,361.0938887808159,37.032,39.246,40.1,410600,410000
Hechi,Guangxi,35.22,43.84365765436709,76.4,95.10444710088063,39.992,40.574,14.07,451200,450000
Hechuan,Chongqing,17.83,108.94134332036028,180.17,1100.6145530399958,17.839,17.85,57.85,500117,500000
Hedong,Tianjin,22.66,22.657361308677096,312.67,312.6993865030675,10.194,10.299,53.92,120102,120000
Hefei,Anhui,15.83,52.056500712428935,90.32,297.0407774229231,190.174,219.406,65.6318,340100,340000
Hegang,Heilongjiang,39.65,39.64809384164224,NA,NA,16.224,16.384,NA,230400,230000
Heihe,Heilongjiang,31.11,31.1102696152681,394.63,394.60134486071087,20.539,20.782,17.24,231100,230000
Hengshui,Hebei,29.48,31.56467634356568,369.63,395.7674077756964,53.07899999999999,56.798,34.02,131100,130000
Hengyang,Hunan,27.52,67.0150450876081,268.68,654.2473556237379,112.553,113.417,32.67,430400,430000
Heping,Tianjin,NA,NA,118.01,14089.022117667855,3.965,3.966,NA,120101,120000
Hexi,Tianjin,NA,NA,196.97,196.9986086265156,9.911,10.969,57.82,120103,120000
Heyuan,Guangdong,44.3,47.770518011293326,800.5,863.2367322987158,57.349,57.518,21.46,441600,440000
Heze,Shandong,31.19,43.57200126099911,110.46,154.29932699210127,131.175,134.025,43.43,371700,370000
Hezhou,Guangxi,31.1,32.03979546745392,619.88,638.5364403780238,30.238,30.548,22.25,451100,450000
Hinggan,Inner Mongolia,NA,NA,NA,NA,NA,NA,13.27,152200,150000
Hohhot,Inner Mongolia,30.87,55.42685515955064,358.39,643.4029900333345,102.781,107.237,54.86,150100,150000
Honghe,Yunnan,23.32,40.69887697413625,116.61,203.5569504002341,66.753,74.04299999999999,28.12,532500,530000
Hongkou,Shanghai,NA,NA,119.93,138.6405171819522,39.048,47.65,82.21,310109,310000
Hongqiao,Tianjin,NA,NA,846.47,846.1977186311789,13.353,13.413,41.45,120106,120000
Hotan,Xinjiang,NA,NA,824.88,852.9444535717639,45.69,46.941,8.8,653200,650000
Huai'an,Jiangsu,15.85,131.11128055711427,91.16,754.3185237652187,75.147,81.387,45.44,320800,320000
Huaibei,Anhui,19.73,87.00307067002609,265.77,1172.1571920259564,25.7,27.458,47.1707,340600,340000
Huaihua,Hunan,45.54,71.72785562366056,715.22,1126.456095961944,85.509,85.65599999999999,23.56,431200,430000
Huainan,Anhui,27.3,73.10522915329311,349.69,936.4347822137812,42.07,48.24,40.17,340400,340000
Huairou,Beijing,82.55,101.89903190029052,485.14,598.894362692146,36.942,37.019,34.03,110116,110000
Huanggang,Hubei,22.82,49.302703684024166,252,544.5293386387862,62.699,67.745,25.16,421100,420000
Huangnan,Qinghai,NA,42.3392551176842,NA,889.2045454545455,4.695,5.037,5.32,632300,630000
Huangpu,Shanghai,NA,NA,90.9,354.1448568771762,48.296,63.54,71.05,310101,310000
Huangshan,Anhui,36.64,46.310283948777816,246.15,295.4602011576066,36.727290000000004,38.4119,40.9296,341000,340000
Huangshi,Hubei,20.16,126.13776571412826,301.03,1883.2200532620304,41.165,44.534,48.88,420200,420000
Huizhou,Guangdong,19.4474,28.06688485031956,149.48,215.7335721203074,105.04027,111.71049,63.7374,441300,440000
Huludao,Liaoning,49.33,52.4294261611762,593.81,631.1540157068583,42.945,45.159,26.09,211400,210000
Hulun Beir,Inner Mongolia,39.07,39.07110584497598,536.3,536.3181411974978,60.014,62.102,20.85,150700,150000
Huyanghe,Xinjiang,NA,NA,NA,NA,NA,NA,NA,659010,650000
Huzhou,Zhejiang,30.89,298.28985067870656,85.35,824.1174624602767,118.934,118.943,64.34,330500,330000
Ili Kazakh,Xinjiang,23.21,43.760697591215845,369.47,696.6755783194623,66.23400000000001,69.59700000000001,24.71,654000,650000
Ji'an,Jiangxi,32.93,78.15912927332359,312.27,734.8422316148772,90.557,97.419,31.264,360800,360000
Ji'nan,Shandong,22.12,56.01819538029017,127.56,323.1023387441687,266.008,283.5,81.69,370100,370000
Jiading,Shanghai,14.56,20.46799966667991,48.26,67.81836225121785,40.319,42.7,61.67,310114,310000
Jiamusi,Heilongjiang,49.13,49.131385181776345,583.77,583.7206123564789,42.705,43.066,17.34,230800,230000
Jiangbei,Chongqing,13.47,37.7210755204959,149.55,418.8570805128864,21.587,21.59,67.98,500105,500000
Jiangjin,Chongqing,18.55,113.91373977048468,208.16,1278.2211437571923,24.673,24.69,58.29,500116,500000
Jiangmen,Guangdong,23.8216,41.07001902396506,220.54,380.22036969802986,89.88851,92.8471,57.9832,440700,440000
Jiaozuo,Henan,21.08,36.46068414605016,203.73,352.4748354713414,47.099,50.075,59.43,410800,410000
Jiaxing,Zhejiang,24.13,152.4620431472539,81.7,516.2823604990227,162.60899999999998,162.64,72.06,330400,330000
Jiayuguan,Gansu,NA,NA,NA,NA,NA,NA,59.32,620200,620000
Jieyang,Guangdong,19.38,19.378707463135456,90.2273,90.22725639340725,43.81487,43.88639,19.0565,445200,440000
Jinchang,Gansu,18.76,18.757176758784357,209.56,209.51261222744765,9.801,10.984,37.18,620300,620000
Jincheng,Shanxi,NA,NA,NA,NA,NA,NA,73.18,140500,140000
Jing'an,Shanghai,NA,NA,92.97,226.63706108484524,41.966,62.78,86.06,310106,310000
Jingdezhen,Jiangxi,39.253,150.80159143413383,145.96,560.7481291938489,46.797,48.975,37.9792,360200,360000
Jinghai,Tianjin,NA,NA,816.53,970.0091362861132,52.620000000000005,52.73,53.8,120118,120000
Jingmen,Hubei,NA,NA,220.88,905.595402314225,39.01258967,41.18002,34.151,420800,420000
Jingzhou,Hubei,23.5,55.01103391158709,245.49,597.5576835807952,36.60814,39.29079,31.3734,421000,420000
Jinhua,Zhejiang,24.8,114.13242549849798,73.64,338.9326803351806,137.94,137.951,58.91,330700,330000
Jining,Shandong,28.4752,66.49145022427919,338.23,397.0875453215949,151.4,153.97,59.9321,370800,370000
Jinnan,Tianjin,102.26,169.98709253655355,1161.61,1930.8878665409736,57.268,57.475,NA,120112,120000
Jinshan,Shanghai,NA,44.57392390861917,271.08,298.29995036295054,45.276,45.4,45.83,310116,310000
Jinzhong,Shanxi,NA,NA,NA,NA,NA,NA,45.21,140700,140000
Jinzhou,Liaoning,36.46,59.171385076916025,329.81,535.3177252648497,43.809,49.396,41.38,210700,210000
Jiujiang,Jiangxi,28.7968,62.09464956702677,253.43,543.4260290080199,115.953,129.981,45.9753,360400,360000
Jiulongpo,Chongqing,15.37,120.87837573034795,212.42,1671.2823490029002,27.103,27.12,58.86,500107,500000
Jiuquan,Gansu,NA,NA,NA,NA,NA,NA,20.34,620900,620000
Jixi,Heilongjiang,33.79,53.899892771806826,378.16,603.1525037949494,22.463,23.115,20.4,230300,230000
Jiyuan,Henan,15.91,38.9723657245789,191.85,470.08229644628966,12.823,14.068,79.36,419001,410000
Jizhou,Tianjin,102.49,318.7279684206852,1393.78,4334.483126531159,28.628,29.522,22.13,120119,120000
Kaifeng,Henan,23.47,69.63847724788963,176.55,523.9172497880401,62.354,66.079,43.44,410200,410000
Kaizhou,Chongqing,23.49,59.41584611017628,298.53,754.9917965512475,15.553999999999998,15.57,33.89,500154,500000
Karamay,Xinjiang,22.26,31.371870824896547,226.87,319.6992897907406,25.825,28.778,81.58,650200,650000
Kashi,Xinjiang,44,44.00245513532472,490.73,490.7105606258149,60.220000000000006,62.959,10.23,653100,650000
Kekedala,Xinjiang,NA,NA,NA,NA,NA,NA,NA,659008,650000
Kizilsu Kirgiz,Xinjiang,102.08,102.08640383198232,944.33,944.3971026842778,22.165,22.734,9.42,653000,650000
Kunming,Yunnan,29.58,128.69619837511615,168.2,731.8520902915583,223.056,NA,58.53,530100,530000
Kunyu,Xinjiang,NA,NA,NA,NA,NA,NA,NA,659009,650000
Laibin,Guangxi,34.28,51.72671299306504,611.05,922.0266129497628,30.895,31.128,22.04,451300,450000
Langfang,Hebei,26.91,29.927181810877062,280.95,312.44328348556365,95.943,103.693,56.46,131000,130000
Lanzhou,Gansu,29.81,287.4395939079289,321.92,3104.381039573487,99.66,107.952,45.61,620100,620000
Ledong,Hainan,NA,NA,NA,NA,NA,NA,13.26,469027,460000
Leshan,Sichuan,27.84,58.6126064477588,119.41,251.4360043340889,64.268,65.874,46.99,511100,510000
Lhasa,Tibet,NA,NA,NA,NA,9.194,9.968,NA,540100,540000
Liangping,Chongqing,27.81,48.88648739216555,139.39,245.0301130090317,16.051,16.051,43.27,500155,500000
Liangshan,Sichuan,21.83,26.71852084536072,169.28,207.2094066126388,45.43,47.837,28.53,513400,510000
Lianyungang,Jiangsu,16.97,92.43739559593062,128.3,698.9400061991581,67.96000000000001,72.86,39.72,320700,320000
Liaocheng,Shandong,35.05,43.45078514342501,120.5,149.3719811050171,97.438,98.983,45.15,371500,370000
Liaoyang,Liaoning,41.66,41.65732226956717,368.77,368.7710939051023,37.15,37.901,53.21,211000,210000
Liaoyuan,Jilin,26.83,26.827807828187066,452.39,452.4065971053517,13.441,14.35,13.91,220400,220000
Lijiang,Yunnan,51.56,53.34669594504111,598.8,619.5970435572204,31.97,NA,31.05,530700,530000
Lincang,Yunnan,45.61,51.21576826115732,1093.22,1227.6074777268152,45.62,NA,16.96,530900,530000
Linfen,Shanxi,NA,NA,NA,NA,NA,NA,40,141000,140000
Lingao,Hainan,NA,NA,NA,NA,NA,NA,10.7,469024,460000
Lingshui,Hainan,NA,NA,NA,NA,NA,NA,23.92,469028,460000
Linxia,Gansu,NA,NA,NA,NA,NA,NA,6.52,622900,620000
Linyi,Shandong,25.32,48.05979714696028,104.57,198.466045746952,146.325,149.208,48.03,371300,370000
Lishui,Zhejiang,55.24,101.37778909253524,100.17,183.83736056005117,101.14,101.148,28.14,331100,330000
Liuzhou,Guangxi,24.56,118.8632874346159,504.93,2444.1577931884262,76.345,78.27000000000001,41.75,450200,450000
Longnan,Gansu,NA,NA,NA,NA,NA,NA,8.73,621200,620000
Longyan,Fujian,29.5948,82.7539442188012,390.51,1091.950293504124,98.09106316,109.75744,45.6879,350800,350000
Loudi,Hunan,30.23,66.204873875149,636.05,1392.8939498647917,58.32899999999999,58.547,25.56,431300,430000
Lu'an,Anhui,47.62,95.62422133738404,286.47,575.2260055603169,95.463,100.6,30.52,341500,340000
Lüliang,Shanxi,NA,NA,NA,NA,NA,NA,61.96,141100,140000
Luohe,Henan,21.35,48.52695996879568,293.48,666.9752877773313,38.71,40.385000000000005,53.42,411100,410000
Luoyang,Henan,13.66,39.24423395416373,139.72,401.4399360790736,77.517,89.89500000000001,63.43,410300,410000
Lupanshui,Guizhou,50.0166,119.77705347690846,373.3,894.279028064702,75.204,76.126,29.4293,520200,520000
Luzhou,Sichuan,33.35,79.37260036730449,123.84,294.71120717555124,86.77000000000001,88.92,41.97,510500,510000
Ma'anshan,Anhui,26.55,88.4579922118796,326.65,1088.8625978831055,66.92999999999999,69.12,64.9231,340500,340000
Maoming,Guangdong,17.2539,18.77673264286245,304.27,331.0817233549369,67.37,67.51,27.488,440900,440000
Meishan,Sichuan,38.89,104.9578739167538,149.13,402.4845307610551,63.603,67.772,50.24,511400,510000
Meizhou,Guangdong,54.0464,58.94618870168637,648.62,707.4240295743808,71.24456,71.33943000000001,88.4534,441400,440000
Mentougou,Beijing,74.35,74.34766629915472,142.15,142.15445154943433,20.23,22.489,32.29,110109,110000
Mianyang,Sichuan,23.44,66.54783081883627,101.72,288.7797340425097,85.019,86.997,31.87,510700,510000
Minhang,Shanghai,NA,17.4795862410151,74.81,82.75356477128298,45.510000000000005,62.970000000000006,65.3,310112,310000
Miyun,Beijing,57.49,57.4850136239782,304.41,304.3860914730919,21.097,22.208,28.83,110118,110000
Mudanjiang,Heilongjiang,48.9,68.03176674671059,550,765.2127154001215,45.264,45.968,23.23,231000,230000
NA,Anhui,29.5351,74.45898421993094,NA,489.353369234094,1330.41,1437.1,42.8345,      340000,340000
NA,Beijing,25.3908,44.75843864339872,116.2055,204.8452043781624,1056.533,1220.24,76.5061,      110000,110000
NA,Chongqing,34.5738,105.02926334870956,NA,773.2247446436644,1007.1,1028.1,42.9894,      500000,500000
NA,Fujian,22.4096,53.81753118042454,144.7954,347.7314212186691,1190.172,1285.72,58.5499,      350000,350000
NA,Gansu,0.0054,79.02104324388124,133.36,223.1819969240968,0.060875,NA,21.29,      620000,620000
NA,Guangdong,19.4258,32.32758644460968,94.6462,157.50644943574693,2508.228,2625.807,71.7438,      440000,440000
NA,Guangxi,36.9347,96.43561165292935,117.2302,306.0847274394405,971.416,NA,NA,      450000,450000
NA,Guizhou,61.8417,135.23067130169483,305.14,667.2540732318643,1247.011,1296.235,32.25,      520000,520000
NA,Hainan,51.137,61.12217857822717,121.3182,145.00734229711802,348.663,370.34,39.7236,      460000,460000
NA,Hebei,37.17,56.66498803968408,257.16,392.0407960408295,1574.909,1715.91,43.7423,      130000,130000
NA,Heilongjiang,45.8518,54.584423862513056,NA,586.9662026359777,729.0899999999999,741.0600000000001,23.672,      230000,230000
NA,Henan,24.6211,57.56899627784834,NA,538.4562421081038,1510.38,1643.4,40.0353,      410000,410000
NA,Hubei,25.8679,75.49378488054636,NA,559.4611408955288,1390.01,NA,41.17,      420000,420000
NA,Hunan,31.6519,87.7620695960211,NA,665.5777812842739,1540.508,1559.191,34.4444,      430000,430000
NA,Jiangsu,16.8415,94.47380742753997,72.6199,407.3683980929771,2069.405,2259.414,62.1268,      320000,320000
NA,Jiangxi,33.8576,108.99817251389914,NA,656.23144220648,1085.95,1179.444,40.4525,      360000,360000
NA,Jilin,54.8391,90.6857614639081,133.624,220.97006103405707,716.76,754.9100000000001,21.0435,      220000,220000
NA,Jilin,33.63,95.9898535522732,NA,NA,51.042,53.092,NA,      220000,220000
NA,Liaoning,37.8941,44.43386811502084,158.02,185.2963029301891,1097.984,1171.849,40.3694,      210000,210000
NA,Ningxia,39.3781,54.45376459410759,134.16,185.53351437476056,199.63,223.69,29.0559,      640000,640000
NA,Qinghai,84.328,92.99821680324482,133.5153,171.1336897415078,304.43,326.07,16.6624,      630000,630000
NA,Shaanxi,29.8485,84.16752046809324,NA,505.70913209797936,978.216,1059.015,48.942,      610000,610000
NA,Shandong,26.9777,65.5850855461167,115.6125,281.0632938255547,2358.802,2441.56,58.5585,      370000,370000
NA,Shanghai,19.1222,37.40578006424367,NA,141.01436220863843,853.86,1130.31,80.9969,      310000,310000
NA,Shanxi,24.5131,33.836027177964084,91.2787,125.99430064800326,628.579,NA,58.8138,      140000,140000
NA,Sichuan,31.199,132.66484001199444,96.7211,411.27832612366655,1770.5400000000002,1850.7,40.9764,      510000,510000
NA,Tianjin,53.0033,151.9017102694653,NA,1080.819827938646,864.5544400000001,889.0129999999999,67.1102,      120000,120000
NA,Tibet,26.2914,49.22393638440149,NA,553.967998368496,56.07000000000001,64.53,NA,      540000,540000
NA,Xinjiang,44.2622,78.03299953751126,NA,566.6611993020465,785.27,959.99,32.9928,      650000,650000
NA,Yunnan,41.7843,72.2199007154475,149.4548,258.3175455364933,1209.83,NA,29.0955,      530000,530000
NA,Zhejiang,25.9523,127.00025088350722,84.6366,414.1779266663903,2016.8830000000005,768.427,66.8962,      330000,330000
Nagqu,Tibet,NA,NA,1575.97,1575.0385208012326,10.222,10.314,2.09,540600,540000
Nan'an,Chongqing,27.45,90.31053498069689,187.8,617.8355487925662,25.314,25.32,62.41,500108,500000
Nanchang,Jiangxi,20.5697,108.03957720178803,323.75,1101.4680866552153,148.174,160.792,59.4125,360100,360000
Nanchong,Sichuan,36.74,54.22430459010968,361.26,533.1990434328451,98.66,101.56,22.26,511300,510000
Nanchuan,Chongqing,27.35,154.4083978657159,112.07,632.7996404606632,11.525,11.525,35.97,500119,500000
Nanjing,Jiangsu,17.67,140.21454047100724,95.16,754.9362857378976,298.82,329.97,85.21,320100,320000
Nankai,Tianjin,11.21,11.214618416338231,242.1,242.13031835763164,8.138,8.358,64.21,120104,120000
Nanning,Guangxi,25.45,139.389255490062,101.16,553.9625509264766,132.822,143.397,46.81,450100,450000
Nanping,Fujian,33.22,69.14617277953649,385.94,803.2952737848041,73.46900000000001,76.725,30.065,350700,350000
Nantong,Jiangsu,17.39,98.4924239724366,112.9,639.4949264177125,197.877,216.82800000000003,53.43,320600,320000
Nanyang,Henan,23.63,29.52041958799886,247.05,308.597010788191,107.656,112.97,33.08,411300,410000
Neijiang,Sichuan,37.7,60.42618374081897,820.67,1315.3332258191017,62.470000000000006,64.78999999999999,29.88,511000,510000
Neimenggu,Inner Mongolia,40.3292,47.04697471317369,NA,332.1174239289276,933.9692828,NA,47.9924,150000,150000
Ngari,Tibet,NA,NA,NA,NA,2.935,3.058,NA,542500,540000
Ningbo,Zhejiang,18.37,84.25529149820622,71.4,327.4063929497373,288.549,304.135,76.8,330200,330000
Ningde,Fujian,22.8691,33.02449282312033,299.6,432.644833519773,81.291,86.499,43.8603,350900,350000
Ninghe,Tianjin,102.66,128.89241240954544,2336.41,2933.413523803448,33.878,34.578,NA,120117,120000
Nujiang,Yunnan,48.72,48.721642059776734,77.93,77.9328,12.177,12.57,11.19,533300,530000
Nyingchi,Tibet,12.24,12.24254644966153,201.96,201.9002375296912,2.55,2.64,9.33,540400,540000
Ordos,Inner Mongolia,29.88,32.896307011269094,185.77,204.51121970891757,167.736,173.75,84.64,150600,150000
Panjin,Liaoning,56.3,59.37938092432762,525.56,554.2791110851576,78.501,81.027,56.55,211100,210000
Panzhihua,Sichuan,19.55,39.11988532005211,199.92,399.98829212390046,23.866,25.541,58.58,510400,510000
Pengshui,Chongqing,40.02,61.43341771208309,116.15,178.27823636196257,11.292,11.292,23.88,500243,500000
Pingdingshan,Henan,21.51,40.37296736308918,189.82,356.26609094679264,61.078,64.251,56.75,410400,410000
Pinggu,Beijing,34.85,47.86671666243269,368.11,505.5140973964849,14.241,14.32,21.63,110117,110000
Pingliang,Gansu,38.13,64.14389380010286,451.64,759.7090526909728,24.465,26.234,16.33,620800,620000
Pingxiang,Jiangxi,41.95,153.7001728739238,454.47,1665.2000148534082,48.678,52.04600000000001,34.9087,360300,360000
Pu'er,Yunnan,38.87,46.38414451148681,116.59,139.1200188306871,41.71,NA,14.99,530800,530000
Pudong,Shanghai,4.93,34.39380188514894,41.14,287.16197381870273,78.898,131.61,69.9,310115,310000
Putian,Fujian,35.59,51.63088590229924,456.1,661.7811509734547,110.91527,114.96523,54.7617,350300,350000
Putuo,Shanghai,NA,36.70735307099653,91.71,119.06043894556176,35.293,41.760000000000005,59.76,310107,310000
Puyang,Henan,28.69,42.31996949456744,292.1,430.86832242615446,54.209,57.052,36.43,410900,410000
Qiandongnan,Guizhou,57.24,94.08371018141854,466.96,767.5546147841641,74.01261802,76.410832,15.93,522600,520000
Qianjiang,Chongqing,52.53,142.67879635016152,143.65,390.17802493155335,14.794999999999998,14.82,40.18,500114,500000
Qianjiang,Hubei,10.67,32.158396566356515,81.52,245.71908234712168,9.46,10.244,33.45,429005,420000
Qiannan,Guizhou,62.15,97.28756111473784,1003.44,550.3085082727788,110.1382132,111.5432197,24.3519,522700,520000
Qianxinan,Guizhou,48.06,82.32855683437381,329,563.5482395186007,72.51356,73.28711,28.6539,522300,520000
Qijiang,Chongqing,23.95,103.39420876138767,148.24,639.9166707177615,18.463,18.47,29.86,500110,500000
Qingdao,Shandong,20.6388,109.6940169601354,241.87,830.8235974587225,307.947,339.025,70.7332,370200,370000
Qingpu,Shanghai,9.5,9.50279141219229,30.01,30.01064962726305,12.681,18.51,58.55,310118,310000
Qingyang,Gansu,NA,NA,NA,NA,NA,NA,22.05,621000,620000
Qingyuan,Guangdong,37.51,40.81056454003213,540.66,398.44297511348674,76.230949999999993,76.35560000000001,33.5259,441800,440000
Qinhuangdao,Hebei,34.5,40.06433716964473,256.69,298.0739231363672,65.882,77.755,54.38,130300,130000
Qinzhou,Guangxi,20.82,43.32087650541993,99.27,206.51046963965288,39.92,41.469,29.63,450700,450000
Qionghai,Hainan,NA,NA,NA,NA,NA,NA,18.36,469002,460000
Qiongzhong,Hainan,NA,NA,NA,NA,NA,NA,7.81,469030,460000
Qiqihar,Heilongjiang,33.66,58.27538734155537,386.41,668.9336397506531,44.365,44.749,17.15,230200,230000
Qitaihe,Heilongjiang,83.75,83.74860542952771,801.43,801.4234875444838,22.52,22.571,27.36,230900,230000
Quanzhou,Fujian,17.4546,41.95689301997361,238.87,574.1964971891903,211.2524,238.04682,65.3467,350500,350000
Qujing,Yunnan,20.35,22.82705627508285,121.18,135.9667784709089,77.356,NA,29.08,530300,530000
Quzhou,Zhejiang,43.13,118.28692403450565,86.05,235.9895987728441,86.408,86.417,30.49,330800,330000
Rizhao,Shandong,23.1241,54.5155127046693,75.6183,178.27129902452782,53.34204,54.794,64.02,371100,370000
Rongchang,Chongqing,16.91,43.37501169560867,189.52,483.7413938028517,13.822,13.822,32.37,500153,500000
Sanmenxia,Henan,19.45,39.04100934991678,173.58,348.3641712030659,32.608999999999995,34.551,50.44,411200,410000
Sanming,Fujian,24.9392,48.23224506058248,407.4,788.0161242170611,77.56443,88.04199,31.6399,350400,350000
Sansha,Hainan,NA,NA,NA,NA,NA,NA,NA,460300,460000
Sanya,Hainan,60.6468,63.62107917265762,303.43,318.3442169725728,51.374521300000005,51.3745313,42.7948,460200,460000
Shangluo,Shaanxi,44.88,51.27549975353439,765.93,875.1742635694026,40.507,43.904,8.92,611000,610000
Shangqiu,Henan,24.97,50.871098835889526,254.22,517.866198907582,81.476,84.275,38.81,411400,410000
Shangrao,Jiangxi,33.79,140.690687037511,206.55,860.0738213669192,111.819,123.348,31.6075,361100,360000
Shannan,Tibet,24.63,25.137871429747307,385.85,385.8496525584334,6.108,6.824,5.77,540500,540000
Shantou,Guangdong,26.8917,28.859033054973757,445.96,478.7267768081364,81.144,81.551,33.2122,440500,440000
Shanwei,Guangdong,36.8978,38.93338632246108,108.08,114.0454930078477,48.77967,50.55258,20.6687,441500,440000
Shaoguan,Guangdong,39.1411,40.708736237472266,647.64,477.3568926391849,61.21395,61.52201,26.6109,440200,440000
Shaoxing,Zhejiang,22.86,204.76743952150383,311.15,2786.856454618285,168.049,168.058,67.1,330600,330000
Shaoyang,Hunan,29.77,56.307714916215886,274.93,519.9257041313368,77.389,77.569,20.08,430500,430000
Shapingba,Chongqing,24.83,121.47170090561126,245.78,1202.331914786155,27.482,27.49,44.42,500106,500000
Shennongjia,Hubei,67.65,67.64542936288089,89.47,89.45349846698241,2.442,2.593,27.4394,429021,420000
Shenyang,Liaoning,24.79,31.162779115414903,223.59,281.06287050571336,190.78,207.779,68.04,210100,210000
Shenzhen,Guangdong,6.43,15.586621938110111,28.9,70.05121449818704,208.288,222.62,80.2897,440300,440000
Shigatse,Tibet,23.38,42.991627036334,504.21,927.2663681162096,8.462,8.597,4.08,540200,540000
Shihezi,Xinjiang,NA,NA,NA,NA,NA,NA,NA,659001,650000
Shijiazhuang,Hebei,28.61,82.59602067151086,192.39,555.5115362350273,203.12,224.7,56.77,130100,130000
Shijingshan,Beijing,20.51,20.51020408163265,124.89,124.89126382502796,20.1,24.547,60.49,110107,110000
Shiyan,Hubei,26.16,70.2124419634049,269.63,723.6258418040426,60.295,63.651,28.32,420300,420000
Shizhu,Chongqing,45.92,69.62194911292869,742.59,1125.7433024779584,9.6,9.6,23.04,500240,500000
Shizuishan,Ningxia,NA,19.247411082585742,NA,513.0718954248366,13.345,15.522,21.24,640200,640000
Shuanghe,Xinjiang,NA,NA,NA,NA,NA,NA,9.11,659007,650000
Shuangyashan,Heilongjiang,51.59,67.3889875666188,538.32,703.1674882419476,28.746,29.036,21.99,230500,230000
Shunyi,Beijing,38.13,51.71311260269149,250.01,339.0412530766555,79.06,80.465,52.39,110113,110000
Shuozhou,Shanxi,NA,NA,NA,NA,NA,NA,63.6,140600,140000
Siping,Jilin,21.23,21.232229117601552,464.07,464.1488162344983,12.351,NA,12.25,220300,220000
Songjiang,Shanghai,11.21,22.17515043181039,30.81,61.658629013568046,19.39,30.7,61.65,310117,310000
Songyuan,Jilin,20.98,28.83270602237754,NA,NA,18.306,18.741,NA,220700,220000
Suihua,Heilongjiang,38.76,39.75168405611017,655.78,672.4492421078015,47.994,48.732,12.89,231200,230000
Suining,Sichuan,37.58,76.2960794410178,586.93,1191.6197288878784,60.67,62.120000000000005,36.18,510900,510000
Suizhou,Hubei,17.18,38.356888036710366,88.8865,198.41211374944135,22.83306,24.1166,27.9831,421300,420000
Suqian,Jiangsu,21.94,63.21495099779182,139.04,400.6205138460946,90.215,92.977,43.66,321300,320000
Suzhou,Anhui,34.8136,83.61670977393688,249.63,599.773433169214,77.44624999999999,82.93174,31.0929,341300,340000
Suzhou,Jiangsu,7.4,61.88235066119145,42.71,357.2388527526769,177.241,211.076,89.98,320500,320000
Tacheng,Xinjiang,37.9,46.39340362117977,485.74,594.6159162276786,33.731,37.149,22.64,654200,650000
Tai'an,Shandong,26,61.76335276859698,86.4752,205.3824910675294,83.167,84.494,50.4222,370900,370000
Taiyuan,Shanxi,NA,NA,NA,NA,NA,NA,61.11,140100,140000
Taizhou,Jiangsu,15.64,111.07043859455744,105.35,748.0063977966105,100.145,108.606,59.79,321200,320000
Taizhou,Zhejiang,26.58,95.3258905258148,88.67,317.9522789811052,160.582,160.592,52.79,331000,330000
Tangshan,Hebei,25.27,40.11591322650016,414.5,657.9320229502671,224.948,253.326,57.84,130200,130000
Tianmen,Hubei,15.67,33.556508524827066,88.65,189.87698844016435,11.438,12.143,24.78,429006,420000
Tianshui,Gansu,NA,NA,NA,NA,NA,NA,14.13,620500,620000
Tieling,Liaoning,44.3,44.29726862901087,494.44,494.4354003255883,33.409,34.095,21.23,211200,210000
Tiemenguan,Xinjiang,NA,NA,NA,NA,NA,NA,NA,659006,650000
Tongchuan,Shaanxi,37.7051,42.56915705706656,553.58,624.9970915010092,19.06183,20.13823,16.6286,610200,610000
Tonghua,Jilin,33.74,38.00141428842704,NA,NA,19.934,20.113,NA,220500,220000
Tongliang,Chongqing,19.26,47.9450252515437,81.26,202.25351546943816,14.131,14.132,49.23,500151,500000
Tongliao,Inner Mongolia,38.65,38.64707388910232,487.38,487.3556721840937,60.359,63.452,21.82,150500,150000
Tongling,Anhui,31.93,84.07449871134803,372.18,979.9781887366088,38.63229,44.10146,51.9,340700,340000
Tongnan,Chongqing,19.9,52.93019547741312,190.66,507.067641099314,11.116,11.116,40.03,500152,500000
Tongren,Guizhou,60.4824,87.15075519291358,1417.23,700.7523315464284,89.34400000000001,90.1251573,14.1235,520600,520000
Tongzhou,Beijing,NA,NA,332.67,874.1135599920132,57.065,65.074,29.2,110112,110000
Tumxuk,Xinjiang,NA,NA,NA,NA,NA,NA,NA,659003,650000
Tunchang,Hainan,NA,NA,NA,NA,NA,NA,21.03,469022,460000
Turpan,Xinjiang,NA,NA,297.75,322.3816701769332,20.446,22.204,49.57,650400,650000
Ulanqab,Inner Mongolia,76.77,76.77866195107575,964.94,964.9709840721076,78.15299999999999,80.011,16.78,150900,150000
Urumqi,Xinjiang,35.99,133.6058055936604,329.72,1223.886773909643,140.125,153.13,69.07,650100,650000
Wanning,Hainan,NA,NA,NA,NA,NA,NA,21.19,469006,460000
Wanzhou,Chongqing,25.83,50.79228786978175,209.28,411.5599400289792,28.887,28.894,47.02,500101,500000
Weifang,Shandong,26.14,87.30199580235954,110.2619,368.2620050103726,190.9863,192.56595,72.7125,370700,370000
Weihai,Shandong,26.268,76.15447964215505,101.7603,295.01623586961176,89.52622,91.001,56.1293,371000,370000
Weinan,Shaanxi,25.1437,41.0378706348103,343.84,561.1937394990927,55.34447,59.25207,17.491,610500,610000
Wenchang,Hainan,35.64,35.64393393211809,352.91,352.93609671848014,12.261,NA,23.04,469005,460000
Wenshan,Yunnan,39.86,40.51212913296665,124.65,126.68062736334105,56.024,52.797,15.85,532600,530000
Wenzhou,Zhejiang,32.81,94.89426015760353,101.24,292.78960198953314,263.48400000000004,263.49,50.44,330300,330000
Wuhai,Inner Mongolia,31.67,31.669820245979185,280.28,280.27982813704966,25.441,NA,67.04,150300,150000
Wuhan,Hubei,33.3669,106.8543670703636,220.4,705.8231999771584,629.51334,648.95669,67.5607,420100,420000
Wuhu,Anhui,22.13,40.51203098168422,165.67,303.3268419151338,99.62,102.81199999999998,66.68,340200,340000
Wujiaqu,Xinjiang,NA,NA,NA,NA,NA,NA,NA,659004,650000
Wulong,Chongqing,28.33,86.34693921531172,283.65,864.900377209793,7.532999999999999,7.540000000000001,43.48,500156,500000
Wuqing,Tianjin,32.15,103.9399761341413,245.21,792.8428657939639,29.575,29.667,74.13,120114,120000
Wushan,Chongqing,47.45,47.44870410367171,139.53,139.52103731145806,10.545,10.55,18.66,500237,500000
Wuwei,Gansu,47.54,47.535423575520056,752.85,752.984718242598,31.535000000000004,NA,12.04,620600,620000
Wuxi,Chongqing,63.49,63.48886018727802,120.87,120.86983248808978,7.865,7.88,17.75,500238,500000
Wuxi,Jiangsu,12.62,59.300474480439455,82.43,387.2823379685569,187.436,193.738,82.99,320200,320000
Wuzhishan,Hainan,17.25,17.23773647134001,307.54,306.88073394495416,0.669,0.701,8.08,469001,460000
Wuzhong,Ningxia,27.25,27.251652191965675,418.7,418.6392629340893,23.628,27.257,15.2,640300,640000
Wuzhou,Guangxi,28.81,41.82272251909951,540.35,784.3390287805812,40.904,41.733,NA,450400,450000
Xi'an,Shaanxi,31.5632,167.0981576130008,170.36,901.8948115709968,362.551,389.997,53.02,610100,610000
Xiamen,Fujian,22.6564,55.667675468105735,92,226.04574698833747,176.78,185.9,81.1795,350200,350000
Xiangtan,Hunan,35.58,81.59902034112191,753.14,1727.353223973868,95.972,96.15,45.64,430300,430000
Xiangxi,Hunan,60.28,80.29185390368195,425.39,566.5825685477773,49.277,49.863,21.11,433100,430000
Xiangyang,Hubei,17.57,52.631726420691486,277.08,829.8909674019752,102.407,107.545,35.04,420600,420000
Xianning,Hubei,19.52,44.5750383670884,217.12,301.84857931545423,36.60814,39.29079,31.3734,421200,420000
Xiantao,Hubei,11.09,29.267663009139905,325.55,859.2361663598957,11.234,12.291,34.03,429004,420000
Xianyang,Shaanxi,15.35,47.647815588905246,189.83,589.072280155629,43.261,48.969,23.45,610400,610000
Xiaogan,Hubei,19.74,52.96493267419886,399.53,1071.948320736608,54.822,58.849,32.03,420900,420000
Xicheng,Beijing,1.35,42.13396969487026,18.48,577.4653538295985,7.684,7.817,95.61,110102,110000
Xilin Gol,Inner Mongolia,NA,NA,NA,NA,NA,NA,33.55,152500,150000
Xingtai,Hebei,37.31,45.9930071228945,275.77,339.9291637878699,95.03,103.364,34.06,130500,130000
Xining,Qinghai,31.48,50.5130127618147,278.06,446.2050633085684,51.761,57.771,38.85,630100,630000
Xinxiang,Henan,18.92,28.9596641555494,193.41,296.08245754712084,65.529,76.83200000000001,47.62,410700,410000
Xinxing,Xinjiang,NA,NA,NA,NA,NA,NA,NA,659011,650000
Xinyang,Henan,26.36,30.936414444379785,329.94,387.23280179972585,84.249,89.965,21.34,411500,410000
Xinyu,Jiangxi,27.6445,49.83314988177134,215.69,410.5169646346053,34.614999999999995,39.544,51.716,360500,360000
Xinzhou,Shanxi,27.88,31.107327223397316,231.56,258.4126175344885,41.829,41.829,34.89,140900,140000
Xiqing,Tianjin,18.91,298.9545385843838,279.42,4417.387958187164,18.721,19.964,NA,120111,120000
Xishuangbanna,Yunnan,27.88,31.66321970840702,603.18,685.1080254514096,20.11,NA,21.44,532800,530000
Xiushan,Chongqing,30.97,65.79066779235644,312.7,664.229850899098,11.093,11.1,27.6,500241,500000
Xuancheng,Anhui,31.4391,100.32300369828144,185.25,591.130681071068,60.187,63.549,54.5586,341800,340000
Xuchang,Henan,18.08,35.593599366328604,235.05,462.8699781541025,67.724,71.697,58.76,411000,410000
Xuhui,Shanghai,NA,NA,40.14,64.16581796330425,14.678,26.17,74.4,310104,310000
Xuzhou,Jiangsu,17.99,79.46788629836341,112.5,496.969697548708,152.154,162.924,50.15,320300,320000
Ya'an,Sichuan,33.34,46.42629839130869,272.51,379.4964093935332,30.087,32.221,35.78,511800,510000
Yan'an,Shaanxi,27.8329,35.31116193525335,344.22,289.99056812964426,62.12106,71.89714000000001,37.8004,610600,610000
Yanbian,Jilin,76.59,76.58516814285885,129.24,129.23958961979483,64.245,66.70599999999999,14.99,222400,220000
Yancheng,Jiangsu,21.69,125.22046804210432,97.49,562.9335299517353,153.533,163.621,40.54,320900,320000
Yangjiang,Guangdong,24.7708,27.098482766680565,97.286,106.42778142332818,38.02369,38.57027,29.0796,441700,440000
Yangpu,Shanghai,NA,NA,193.64,276.5172478068033,60.738,64.55,55.85,310110,310000
Yangquan,Shanxi,NA,NA,NA,NA,NA,NA,51.73,140300,140000
Yangzhou,Jiangsu,15.55,86.07145136418261,111.42,616.7598968397225,110.48,120.74,46.6,321000,320000
Yanqing,Beijing,NA,NA,761.02,843.9788111766159,18.488,19.156,19.88,110119,110000
Yantai,Shandong,19.0808,28.11752541682727,113.7925,167.68495183079267,181.57029,184.806,68.8059,370600,370000
Yibin,Sichuan,26.36,94.6846574506278,174.45,626.5227708199368,90.37,91.94,45.19,511500,510000
Yichang,Hubei,16.83,47.85974528954566,424.2,1206.566829190131,92.59200000000001,98.493,39.01,420500,420000
Yichun,Heilongjiang,61.72,61.71620046620047,957.97,957.9828132066938,21.181,21.554,9.77,230700,230000
Yichun,Jiangxi,26.8381,96.67316179164844,184.63,668.8263016310632,93.212,103.293,40.7007,360900,360000
Yinchuan,Ningxia,26.1383,56.27957208794264,88.96,552.6028941037407,66.277,77,52.45,640100,640000
Yinchuan,Ningxia,26.1383,56.27957208794264,88.96,552.6028941037407,66.277,77,52.45,640100,640000
Yingkou,Liaoning,70.21,75.8265964178821,646.48,698.137214173516,100.519,103.322,51.45,210800,210000
Yingtan,Jiangxi,31.9,98.09360391345804,194.1,587.0958171248416,39.476,42.005,48.1134,360600,360000
Yiyang,Hunan,29.08,52.8957215109629,332.56,604.8890032523598,61.30499999999999,61.40599999999999,24.98,430900,430000
Yongchuan,Chongqing,14.27,83.73504359799308,166,973.797349332012,17.169999999999998,17.19,39.9,500118,500000
Yongzhou,Hunan,31.43,51.503772347353824,477.69,782.8131694626055,75.751,76.453,30.22,431100,430000
Youyang,Chongqing,59.96,59.95855995855997,150.83,150.814332247557,13.89,13.89,23.65,500242,500000
Yubei,Chongqing,9.07,102.79014250442944,127.61,1446.4608199482357,20.83,20.84,51.6,500112,500000
Yueyang,Hunan,19.57,67.17566562025998,241.95,830.4048935035297,92.198,92.634,32.44,430600,430000
Yulin,Guangxi,20.46,31.144360332370614,91.93,139.9252850071513,44.35,44.738,21.02,450900,450000
Yulin,Shaanxi,8.5946,13.656634137229224,52.9,84.06402256835217,56.24,62.773,86.4441,610800,610000
Yuncheng,Shanxi,NA,NA,NA,NA,NA,NA,23.25,140800,140000
Yunfu,Guangdong,38.1492,38.75355832195487,136.34,138.49845647614646,44.34575,44.36014,37.3763,445300,440000
Yunyang,Chongqing,32.18,47.00014036943463,152.3,222.41415598328385,17.949,17.96,21.9,500235,500000
Yushu,Qinghai,NA,34.38494534384945,NA,884.3416370106762,2.4850000000000003,2.603,2.05,632700,630000
Yuxi,Yunnan,26.07,36.54928115004365,545.85,765.1670935780731,65.72,NA,51.63,530400,530000
Yuzhong,Chongqing,8.97,206.20434587722545,141.23,3246.9123930517503,14.001,14.01,53.02,500103,500000
Zaozhuang,Shandong,32.04,53.09408883687422,89.22,147.84498798505996,65.33200000000001,65.66900000000001,54.26,370400,370000
Zhangjiajie,Hunan,59.75,80.73493297108374,1000.17,1351.4375329773948,35.397000000000006,35.448,NA,430800,430000
Zhangjiakou,Hebei,58.95,74.61363034907052,363.73,460.3097014619288,104.661,112.678,28.11,130700,130000
Zhangjiang,Guangdong,25.3353,32.035095474086994,402.63,509.1054233465605,94.05892,94.30881,28.1485,440800,440000
Zhangye,Gansu,NA,NA,NA,NA,NA,NA,16.23,620700,620000
Zhangzhou,Fujian,19.28,39.83407978666381,151.18,312.2762337512378,110.05,117.949,50.3332,350600,350000
Zhaoqing,Guangdong,36.8053,55.63186225916341,619.02,552.9762953044388,99.56023,99.73247,40.5113,441200,440000
Zhaotong,Yunnan,55.74,55.74230055417841,889.23,889.2339544513458,85.9,NA,18.01,530600,530000
Zhengzhou,Henan,22.76,110.80593830595087,178.27,868.025595582836,294.345,336.184,78.04,410100,410000
Zhenjiang,Jiangsu,43.62,113.84652369046093,306.7,800.4436330226749,218.852,224.704,56.75,321100,320000
Zhong,Chongqing,23.99,42.64255119234402,388.8,690.9017940315689,12.19,12.19,31.59,500233,500000
Zhongshan,Guangdong,19.0935,22.429953298308032,155.77,182.9913296182431,69.3339059,71.0417114,68.2358,442000,440000
Zhongwei,Ningxia,34.54,34.53865115536718,652.43,652.4623115577889,19.476,22.47,11.8,640500,640000
Zhoukou,Henan,21.58,47.600770013768354,276.04,608.9393404969229,78.045,83.44800000000001,25.67,411600,410000
Zhoushan,Zhejiang,30.7,141.27730440142983,126.14,580.4038235646672,59.912,59.985,44.08,330900,330000
Zhuhai,Guangdong,27.28,62.977775698903706,134.13,309.6608237023761,110.355,112.031,58,440400,440000
Zhumadian,Henan,23.07,38.38733682646991,205.58,342.01689137054154,75.159,78.15700000000001,37.46,411700,410000
Zhuzhou,Hunan,28.06,96.42741899748395,531.65,1827.1096449607085,101.482,101.629,35.31,430200,430000
Zibo,Shandong,24.52,60.799001891102975,120.58,298.9564931712049,107.962,108.948,71.41,370300,370000
Zigong,Sichuan,37.77,65.01167524134837,150.71,259.4165342156113,61.882000000000005,63.096,25.1,510300,510000
Ziyang,Sichuan,54.1,95.50775028828303,133.25,235.2280548153199,51.299,52.325,24.25,512000,510000
Zunyi,Guizhou,41.7906,96.02181686838767,278.23,639.2853689556379,183.93146924,186.8816449,38.5303,520300,520000
